SUMMARY OUTPUT: Enrollment/Capacity,,,,,,,,
,,,,,,,,
Regression Statistics,,,,,,,,
Multiple R,0.5168736360471172,,,,,,,
R Square,0.2671583556405677,,,,,,,
Adjusted R Square,0.21078592145907293,,,,,,,
Standard Error,0.12059966651804815,,,,,,,
Observations,15,,,,,,,
,,,,,,,,
ANOVA,,,,,,,,
,df,SS,MS,F,Significance F,,,
Regression,1,0.06892776352100685,0.06892776352100685,4.7391665717402525,0.048504392094009856,,,
Residual,13,0.18907563433543753,0.014544279564264425,,,,,
Total,14,0.2580033978564444,,,,,,
,,,,,,,,
,Coefficients,Standard Error,t Stat,P-value,Lower 95%,Upper 95%,Lower 95.0%,Upper 95.0%
Intercept,1.2264324102979585,0.07562315218135494,16.217684332396,5.251298617254539e-10,1.0630585541275377,1.3898062664683792,1.0630585541275377,1.3898062664683792
AfricanAmerican,-0.004471234921444731,0.0020538867907340746,-2.1769626941544713,0.048504392094008926,-0.008908386712407061,-3.408313048240252e-05,-0.008908386712407061,-3.408313048240252e-05
